seqName;clade;qc.overallScore;qc.overallStatus;totalAminoacidChanges;totalGaps;totalInsertions;totalMissing;totalMutations;totalNonACGTNs;totalPcrPrimerChanges;substitutions;deletions;insertions;aminoacidChanges;missing;nonACGTNs;pcrPrimerChanges;alignmentEnd;alignmentScore;alignmentStart;qc.missingData.missingDataThreshold;qc.missingData.score;qc.missingData.status;qc.missingData.totalMissing;qc.mixedSites.mixedSitesThreshold;qc.mixedSites.score;qc.mixedSites.status;qc.mixedSites.totalMixedSites;qc.privateMutations.cutoff;qc.privateMutations.excess;qc.privateMutations.score;qc.privateMutations.status;qc.privateMutations.total;qc.snpClusters.clusteredSNPs;qc.snpClusters.score;qc.snpClusters.status;qc.snpClusters.totalSNPs;errors;qc.seqName;nearestTreeNodeId
hCoV-19/USA/WI-UW-973/2020|EPI_ISL_509971|2020-07-17;20C;0;good;10;0;0;2;12;0;0;C241T,C1059T,C1593T,C3037T,C10319T,C14408T,G18985T,A23403G,G25563T,G27147T,C27964T,C29375T;;;ORF1a:T265I,ORF1a:S443F,ORF1a:L3352F,ORF1b:P314L,ORF1b:V1840F,S:D614G,ORF3a:Q57H,M:D209Y,ORF8:S24L,N:P368S;878,7594;;;29835;89296;54;3000;0;good;2;10;0;good;0;15;-1;0;good;4;;0;good;0;;hCoV-19/USA/WI-UW-973/2020|EPI_ISL_509971|2020-07-17;950
hCoV-19/USA/WI-UW-852/2020|EPI_ISL_509858|2020-07-08;20A;26.36939643347051;good;9;0;0;1577;12;0;1;C241T,A696C,C3037T,G3871T,T3931C,C4226T,C5672T,A7837C,C14408T,G19677T,A23403G,C28977T;;;ORF1a:D144A,ORF1a:K1202N,ORF1a:P1321S,ORF1a:P1803S,ORF1a:L2524F,ORF1b:P314L,ORF1b:Q2070H,S:D614G,N:S235F;4996-5288,7594,9835-10100,21428-21683,22325-22543,25053-25302,27512-27809;;ChinaCDC_N_R:C28977T;29664;88783;54;3000;47.2962962962963;mediocre;1577;10;0;good;0;15;3;20;good;8;;0;good;0;;hCoV-19/USA/WI-UW-852/2020|EPI_ISL_509858|2020-07-08;281
hCoV-19/USA/WI-UW-870/2020|EPI_ISL_509872|2020-07-08;20A;11.111111111111112;good;11;0;0;0;14;0;1;C241T,A696C,A1982G,C3037T,G3871T,T3931C,C4226T,C5672T,A7837C,G11083T,C14408T,G19677T,A23403G,C28977T;;;ORF1a:D144A,ORF1a:I573V,ORF1a:K1202N,ORF1a:P1321S,ORF1a:P1803S,ORF1a:L2524F,ORF1a:L3606F,ORF1b:P314L,ORF1b:Q2070H,S:D614G,N:S235F;;;ChinaCDC_N_R:C28977T;29835;89288;54;3000;0;good;0;10;0;good;0;15;5;33.333333333333336;mediocre;10;;0;good;0;;hCoV-19/USA/WI-UW-870/2020|EPI_ISL_509872|2020-07-08;281
hCoV-19/USA/WI-UW-847/2020|EPI_ISL_509853|2020-07-08;20A;7.111111111111112;good;10;0;0;0;13;0;1;C241T,A696C,C3037T,G3871T,T3931C,C4226T,C5672T,A7837C,C14408T,G19677T,C21780T,A23403G,C28977T;;;ORF1a:D144A,ORF1a:K1202N,ORF1a:P1321S,ORF1a:P1803S,ORF1a:L2524F,ORF1b:P314L,ORF1b:Q2070H,S:T73I,S:D614G,N:S235F;;;ChinaCDC_N_R:C28977T;29835;89292;54;3000;0;good;0;10;0;good;0;15;4;26.666666666666668;good;9;;0;good;0;;hCoV-19/USA/WI-UW-847/2020|EPI_ISL_509853|2020-07-08;281
hCoV-19/USA/WI-UW-927/2020|EPI_ISL_509927|2020-07-13;20A;4;good;9;0;0;3;12;0;1;C241T,A696C,C3037T,G3871T,T3931C,C4226T,C5672T,A7837C,C14408T,G19677T,A23403G,C28977T;;;ORF1a:D144A,ORF1a:K1202N,ORF1a:P1321S,ORF1a:P1803S,ORF1a:L2524F,ORF1b:P314L,ORF1b:Q2070H,S:D614G,N:S235F;7594,11083,21736;;ChinaCDC_N_R:C28977T;29835;89296;54;3000;0;good;3;10;0;good;0;15;3;20;good;8;;0;good;0;;hCoV-19/USA/WI-UW-927/2020|EPI_ISL_509927|2020-07-13;281
hCoV-19/USA/WI-UW-878/2020|EPI_ISL_509880|2020-07-13;20C;1.777777777777778;good;10;0;0;265;15;0;1;C241T,C1059T,C3037T,C5339T,C5893T,C8140T,C8208T,C14408T,C16260T,T17400C,C22329T,A23403G,G25440T,G25563T,C28821A;;;ORF1a:T265I,ORF1a:P1692S,ORF1a:T2648I,ORF1b:P314L,S:S256L,S:D614G,ORF3a:K16N,ORF3a:Q57H,N:S183Y,ORF14:L30I;5933-6198;;Charité_N_R:C28821A;29835;89284;54;3000;0;good;265;10;0;good;0;15;2;13.333333333333334;good;7;;0;good;0;;hCoV-19/USA/WI-UW-878/2020|EPI_ISL_509880|2020-07-13;891
hCoV-19/USA/WI-UW-886/2020|EPI_ISL_509888|2020-07-13;20A;0;good;4;0;0;30;11;0;1;C241T,C619T,C1380T,C3037T,T7513C,C14408T,T15354C,C18877T,A23403G,G25563T,T29194C;;;ORF1a:A372V,ORF1b:P314L,S:D614G,ORF3a:Q57H;7594,27265-27294;;USCDC_N2_P:T29194C;29835;89300;54;3000;0;good;30;10;0;good;0;15;0;0;good;5;;0;good;0;;hCoV-19/USA/WI-UW-886/2020|EPI_ISL_509888|2020-07-13;686
hCoV-19/USA/WI-UW-880/2020|EPI_ISL_509882|2020-07-13;20A;7.111111111111112;good;10;0;0;1;13;0;1;C241T,A696C,C3037T,G3871T,T3931C,C4226T,A5535T,C5672T,A7837C,C14408T,G19677T,A23403G,C28977T;;;ORF1a:D144A,ORF1a:K1202N,ORF1a:P1321S,ORF1a:Q1757L,ORF1a:P1803S,ORF1a:L2524F,ORF1b:P314L,ORF1b:Q2070H,S:D614G,N:S235F;7594;;ChinaCDC_N_R:C28977T;29835;89292;54;3000;0;good;1;10;0;good;0;15;4;26.666666666666668;good;9;;0;good;0;;hCoV-19/USA/WI-UW-880/2020|EPI_ISL_509882|2020-07-13;281
hCoV-19/USA/WI-UW-894/2020|EPI_ISL_509896|2020-07-13;20B;0;good;11;0;0;275;14;0;3;C241T,C3037T,C3369T,T9172C,A10948G,C14318T,C14408T,G20750C,A23403G,G26730T,C28102T,G28881A,G28882A,G28883C;;;ORF1a:T1035I,ORF1b:T284I,ORF1b:P314L,ORF1b:G2428A,S:D614G,M:V70F,ORF8:P70L,N:R203K,ORF14:G50R,ORF14:G50E,N:G204R;1001,7594,19983,21133,28146-28417;;"ChinaCDC_N_F:G28881A;G28882A;G28883C";29835;89288;54;3000;0;good;275;10;0;good;0;15;-1;0;good;4;;0;good;0;;hCoV-19/USA/WI-UW-894/2020|EPI_ISL_509896|2020-07-13;1192
hCoV-19/USA/WI-UW-895/2020|EPI_ISL_509897|2020-07-13;20C;0;good;8;0;0;5;12;0;1;C241T,C1059T,C3037T,C3773T,T14191C,C14408T,C16260T,A23403G,A24253T,G25563T,C28821A,C29627T;;;ORF1a:T265I,ORF1a:R1170C,ORF1b:P314L,S:D614G,ORF3a:Q57H,N:S183Y,ORF14:L30I,ORF10:R24C;1001,6696,11990,19983,21133;;Charité_N_R:C28821A;29835;89296;54;3000;0;good;5;10;0;good;0;15;-1;0;good;4;;0;good;0;;hCoV-19/USA/WI-UW-895/2020|EPI_ISL_509897|2020-07-13;891
hCoV-19/USA/WI-UW-876/2020|EPI_ISL_509878|2020-07-13;20C;0;good;8;0;0;1;12;0;1;C241T,C1059T,C3037T,C3773T,T14191C,C14408T,C16260T,A23403G,A24253T,G25563T,C28821A,C29627T;;;ORF1a:T265I,ORF1a:R1170C,ORF1b:P314L,S:D614G,ORF3a:Q57H,N:S183Y,ORF14:L30I,ORF10:R24C;7594;;Charité_N_R:C28821A;29835;89296;54;3000;0;good;1;10;0;good;0;15;-1;0;good;4;;0;good;0;;hCoV-19/USA/WI-UW-876/2020|EPI_ISL_509878|2020-07-13;891
hCoV-19/USA/WI-UW-931/2020|EPI_ISL_509931|2020-07-13;20C;0.4444444444444445;good;8;0;0;1;14;0;1;C241T,C1059T,C3037T,C3773T,T14191C,C14408T,A15942C,C16260T,A23403G,A24253T,C25006T,G25563T,C28821A,C29627T;;;ORF1a:T265I,ORF1a:R1170C,ORF1b:P314L,S:D614G,ORF3a:Q57H,N:S183Y,ORF14:L30I,ORF10:R24C;7594;;Charité_N_R:C28821A;29835;89288;54;3000;0;good;1;10;0;good;0;15;1;6.666666666666667;good;6;;0;good;0;;hCoV-19/USA/WI-UW-931/2020|EPI_ISL_509931|2020-07-13;891
hCoV-19/USA/WI-UW-898/2020|EPI_ISL_509900|2020-07-15;20A;11.111111111111112;good;11;0;0;3;14;0;1;C241T,A696C,G1820A,C3037T,G3871T,T3931C,C4226T,C5672T,A7837C,C13011T,C14408T,G19677T,A23403G,C28977T;;;ORF1a:D144A,ORF1a:G519S,ORF1a:K1202N,ORF1a:P1321S,ORF1a:P1803S,ORF1a:L2524F,ORF1a:T4249I,ORF1b:P314L,ORF1b:Q2070H,S:D614G,N:S235F;7594,19983,21133;;ChinaCDC_N_R:C28977T;29835;89288;54;3000;0;good;3;10;0;good;0;15;5;33.333333333333336;mediocre;10;;0;good;0;;hCoV-19/USA/WI-UW-898/2020|EPI_ISL_509900|2020-07-15;281
hCoV-19/USA/WI-UW-883/2020|EPI_ISL_509885|2020-07-15;20C;0;good;4;0;0;1;10;0;0;C241T,C1059T,C3037T,C14408T,A23403G,A25048T,G25563T,C26625T,C29095T,C29614T;;;ORF1a:T265I,ORF1b:P314L,S:D614G,ORF3a:Q57H;7594;;;29835;89304;54;3000;0;good;1;10;0;good;0;15;-1;0;good;4;;0;good;0;;hCoV-19/USA/WI-UW-883/2020|EPI_ISL_509885|2020-07-15;824
